TYPE,CONTENT,PRIORITY,INDENT,AUTHOR,RESPONSIBLE,DATE,DATE_LANG,TIMEZONE
task,Blog: BlogTopic,4,1,Rahul (3565260),,,en,Australia/Melbourne
,,,,,,,,
task,BlogTopic: Draft Body,4,2,Rahul (3565260),,today,en,Australia/Melbourne
,,,,,,,,
task,BlogTopic: Refine Body,4,2,Rahul (3565260),,today,en,Australia/Melbourne
,,,,,,,,
task,BlogTopic: Intro and Conclusion,4,2,Rahul (3565260),,tomorrow,en,Australia/Melbourne
,,,,,,,,
task,"BlogTopic: Images, Proof Read and Publish",4,2,Rahul (3565260),,tomorrow,en,Australia/Melbourne
,,,,,,,,